EX__26dap_M_medium, EX__26dap_M_medium: _26dap_M_medium <=> , (-1e-06, 1000.0)
EX__2ddglcn_medium, EX__2ddglcn_medium: _2ddglcn_medium <=> , (-1e-06, 1000.0)
EX__4hpro_LT_medium, EX__4hpro_LT_medium: _4hpro_LT_medium <=> , (-1e-06, 1000.0)
EX_C02528_medium, EX_C02528_medium: C02528_medium <=> , (-1e-06, 1000.0)
EX_Cit_Mg_medium, EX_Cit_Mg_medium: Cit_Mg_medium <=> , (-1e-06, 1000.0)
EX_MGlcn100_medium, EX_MGlcn100_medium: MGlcn100_medium <=> , (-1e-06, 1000.0)
EX_MGlcn100_rl_medium, EX_MGlcn100_rl_medium: MGlcn100_rl_medium <=> , (-1e-06, 1000.0)
EX_MGlcn101_medium, EX_MGlcn101_medium: MGlcn101_medium <=> , (-1e-06, 1000.0)
EX_MGlcn101_rl_medium, EX_MGlcn101_rl_medium: MGlcn101_rl_medium <=> , (-1e-06, 1000.0)
EX_MGlcn102_medium, EX_MGlcn102_medium: MGlcn102_medium <=> , (-1e-06, 1000.0)
EX_MGlcn102_rl_medium, EX_MGlcn102_rl_medium: MGlcn102_rl_medium <=> , (-1e-06, 1000.0)
EX_MGlcn104_medium, EX_MGlcn104_medium: MGlcn104_medium <=> , (-1e-06, 1000.0)
EX_MGlcn104_rl_medium, EX_MGlcn104_rl_medium: MGlcn104_rl_medium <=> , (-1e-06, 1000.0)
EX_MGlcn105_medium, EX_MGlcn105_medium: MGlcn105_medium <=> , (-1e-06, 1000.0)
EX_MGlcn105_rl_medium, EX_MGlcn105_rl_medium: MGlcn105_rl_medium <=> , (-1e-06, 1000.0)
EX_MGlcn106_medium, EX_MGlcn106_medium: MGlcn106_medium <=> , (-1e-06, 1000.0)
EX_MGlcn106_rl_medium, EX_MGlcn106_rl_medium: MGlcn106_rl_medium <=> , (-1e-06, 1000.0)
EX_MGlcn107_medium, EX_MGlcn107_medium: MGlcn107_medium <=> , (-1e-06, 1000.0)
EX_MGlcn107_rl_medium, EX_MGlcn107_rl_medium: MGlcn107_rl_medium <=> , (-1e-06, 1000.0)
EX_MGlcn109_medium, EX_MGlcn109_medium: MGlcn109_medium <=> , (-1e-06, 1000.0)
EX_MGlcn109_rl_medium, EX_MGlcn109_rl_medium: MGlcn109_rl_medium <=> , (-1e-06, 1000.0)
EX_MGlcn110_medium, EX_MGlcn110_medium: MGlcn110_medium <=> , (-1e-06, 1000.0)
EX_MGlcn110_rl_medium, EX_MGlcn110_rl_medium: MGlcn110_rl_medium <=> , (-1e-06, 1000.0)
EX_MGlcn111_medium, EX_MGlcn111_medium: MGlcn111_medium <=> , (-1e-06, 1000.0)
EX_MGlcn111_rl_medium, EX_MGlcn111_rl_medium: MGlcn111_rl_medium <=> , (-1e-06, 1000.0)
EX_MGlcn112_medium, EX_MGlcn112_medium: MGlcn112_medium <=> , (-1e-06, 1000.0)
EX_MGlcn112_rl_medium, EX_MGlcn112_rl_medium: MGlcn112_rl_medium <=> , (-1e-06, 1000.0)
EX_MGlcn113_medium, EX_MGlcn113_medium: MGlcn113_medium <=> , (-1e-06, 1000.0)
EX_MGlcn113_rl_medium, EX_MGlcn113_rl_medium: MGlcn113_rl_medium <=> , (-1e-06, 1000.0)
EX_MGlcn114_medium, EX_MGlcn114_medium: MGlcn114_medium <=> , (-1e-06, 1000.0)
EX_MGlcn114_rl_medium, EX_MGlcn114_rl_medium: MGlcn114_rl_medium <=> , (-1e-06, 1000.0)
EX_MGlcn115_medium, EX_MGlcn115_medium: MGlcn115_medium <=> , (-1e-06, 1000.0)
EX_MGlcn115_rl_medium, EX_MGlcn115_rl_medium: MGlcn115_rl_medium <=> , (-1e-06, 1000.0)
EX_MGlcn117_medium, EX_MGlcn117_medium: MGlcn117_medium <=> , (-1e-06, 1000.0)
EX_MGlcn117_rl_medium, EX_MGlcn117_rl_medium: MGlcn117_rl_medium <=> , (-1e-06, 1000.0)
EX_MGlcn120_medium, EX_MGlcn120_medium: MGlcn120_medium <=> , (-1e-06, 1000.0)
EX_MGlcn120_rl_medium, EX_MGlcn120_rl_medium: MGlcn120_rl_medium <=> , (-1e-06, 1000.0)
EX_MGlcn126_medium, EX_MGlcn126_medium: MGlcn126_medium <=> , (-1e-06, 1000.0)
EX_MGlcn126_rl_medium, EX_MGlcn126_rl_medium: MGlcn126_rl_medium <=> , (-1e-06, 1000.0)
EX_MGlcn12_medium, EX_MGlcn12_medium: MGlcn12_medium <=> , (-1e-06, 1000.0)
EX_MGlcn12_rl_medium, EX_MGlcn12_rl_medium: MGlcn12_rl_medium <=> , (-1e-06, 1000.0)
EX_MGlcn130_medium, EX_MGlcn130_medium: MGlcn130_medium <=> , (-1e-06, 1000.0)
EX_MGlcn130_rl_medium, EX_MGlcn130_rl_medium: MGlcn130_rl_medium <=> , (-1e-06, 1000.0)
EX_MGlcn131_medium, EX_MGlcn131_medium: MGlcn131_medium <=> , (-1e-06, 1000.0)
EX_MGlcn131_rl_medium, EX_MGlcn131_rl_medium: MGlcn131_rl_medium <=> , (-1e-06, 1000.0)
EX_MGlcn137_medium, EX_MGlcn137_medium: MGlcn137_medium <=> , (-1e-06, 1000.0)
EX_MGlcn137_rl_medium, EX_MGlcn137_rl_medium: MGlcn137_rl_medium <=> , (-1e-06, 1000.0)
EX_MGlcn138_medium, EX_MGlcn138_medium: MGlcn138_medium <=> , (-1e-06, 1000.0)
EX_MGlcn138_rl_medium, EX_MGlcn138_rl_medium: MGlcn138_rl_medium <=> , (-1e-06, 1000.0)
EX_MGlcn139_medium, EX_MGlcn139_medium: MGlcn139_medium <=> , (-1e-06, 1000.0)
EX_MGlcn139_rl_medium, EX_MGlcn139_rl_medium: MGlcn139_rl_medium <=> , (-1e-06, 1000.0)
EX_MGlcn13_medium, EX_MGlcn13_medium: MGlcn13_medium <=> , (-1e-06, 1000.0)
EX_MGlcn13_rl_medium, EX_MGlcn13_rl_medium: MGlcn13_rl_medium <=> , (-1e-06, 1000.0)
EX_MGlcn140_medium, EX_MGlcn140_medium: MGlcn140_medium <=> , (-1e-06, 1000.0)
EX_MGlcn140_rl_medium, EX_MGlcn140_rl_medium: MGlcn140_rl_medium <=> , (-1e-06, 1000.0)
EX_MGlcn141_medium, EX_MGlcn141_medium: MGlcn141_medium <=> , (-1e-06, 1000.0)
EX_MGlcn141_rl_medium, EX_MGlcn141_rl_medium: MGlcn141_rl_medium <=> , (-1e-06, 1000.0)
EX_MGlcn142_medium, EX_MGlcn142_medium: MGlcn142_medium <=> , (-1e-06, 1000.0)
EX_MGlcn142_rl_medium, EX_MGlcn142_rl_medium: MGlcn142_rl_medium <=> , (-1e-06, 1000.0)
EX_MGlcn143_medium, EX_MGlcn143_medium: MGlcn143_medium <=> , (-1e-06, 1000.0)
EX_MGlcn143_rl_medium, EX_MGlcn143_rl_medium: MGlcn143_rl_medium <=> , (-1e-06, 1000.0)
EX_MGlcn144_medium, EX_MGlcn144_medium: MGlcn144_medium <=> , (-1e-06, 1000.0)
EX_MGlcn144_rl_medium, EX_MGlcn144_rl_medium: MGlcn144_rl_medium <=> , (-1e-06, 1000.0)
EX_MGlcn145_medium, EX_MGlcn145_medium: MGlcn145_medium <=> , (-1e-06, 1000.0)
EX_MGlcn145_rl_medium, EX_MGlcn145_rl_medium: MGlcn145_rl_medium <=> , (-1e-06, 1000.0)
EX_MGlcn146_medium, EX_MGlcn146_medium: MGlcn146_medium <=> , (-1e-06, 1000.0)
EX_MGlcn146_rl_medium, EX_MGlcn146_rl_medium: MGlcn146_rl_medium <=> , (-1e-06, 1000.0)
EX_MGlcn147_medium, EX_MGlcn147_medium: MGlcn147_medium <=> , (-1e-06, 1000.0)
EX_MGlcn147_rl_medium, EX_MGlcn147_rl_medium: MGlcn147_rl_medium <=> , (-1e-06, 1000.0)
EX_MGlcn148_medium, EX_MGlcn148_medium: MGlcn148_medium <=> , (-1e-06, 1000.0)
EX_MGlcn148_rl_medium, EX_MGlcn148_rl_medium: MGlcn148_rl_medium <=> , (-1e-06, 1000.0)
EX_MGlcn149_medium, EX_MGlcn149_medium: MGlcn149_medium <=> , (-1e-06, 1000.0)
EX_MGlcn149_rl_medium, EX_MGlcn149_rl_medium: MGlcn149_rl_medium <=> , (-1e-06, 1000.0)
EX_MGlcn14_medium, EX_MGlcn14_medium: MGlcn14_medium <=> , (-1e-06, 1000.0)
EX_MGlcn14_rl_medium, EX_MGlcn14_rl_medium: MGlcn14_rl_medium <=> , (-1e-06, 1000.0)
EX_MGlcn150_medium, EX_MGlcn150_medium: MGlcn150_medium <=> , (-1e-06, 1000.0)
EX_MGlcn150_rl_medium, EX_MGlcn150_rl_medium: MGlcn150_rl_medium <=> , (-1e-06, 1000.0)
EX_MGlcn151_medium, EX_MGlcn151_medium: MGlcn151_medium <=> , (-1e-06, 1000.0)
EX_MGlcn151_rl_medium, EX_MGlcn151_rl_medium: MGlcn151_rl_medium <=> , (-1e-06, 1000.0)
EX_MGlcn152_medium, EX_MGlcn152_medium: MGlcn152_medium <=> , (-1e-06, 1000.0)
EX_MGlcn152_rl_medium, EX_MGlcn152_rl_medium: MGlcn152_rl_medium <=> , (-1e-06, 1000.0)
EX_MGlcn153_medium, EX_MGlcn153_medium: MGlcn153_medium <=> , (-1e-06, 1000.0)
EX_MGlcn153_rl_medium, EX_MGlcn153_rl_medium: MGlcn153_rl_medium <=> , (-1e-06, 1000.0)
EX_MGlcn154_medium, EX_MGlcn154_medium: MGlcn154_medium <=> , (-1e-06, 1000.0)
EX_MGlcn154_rl_medium, EX_MGlcn154_rl_medium: MGlcn154_rl_medium <=> , (-1e-06, 1000.0)
EX_MGlcn155_medium, EX_MGlcn155_medium: MGlcn155_medium <=> , (-1e-06, 1000.0)
EX_MGlcn155_rl_medium, EX_MGlcn155_rl_medium: MGlcn155_rl_medium <=> , (-1e-06, 1000.0)
EX_MGlcn156_medium, EX_MGlcn156_medium: MGlcn156_medium <=> , (-1e-06, 1000.0)
EX_MGlcn156_rl_medium, EX_MGlcn156_rl_medium: MGlcn156_rl_medium <=> , (-1e-06, 1000.0)
EX_MGlcn157_medium, EX_MGlcn157_medium: MGlcn157_medium <=> , (-1e-06, 1000.0)
EX_MGlcn157_rl_medium, EX_MGlcn157_rl_medium: MGlcn157_rl_medium <=> , (-1e-06, 1000.0)
EX_MGlcn158_medium, EX_MGlcn158_medium: MGlcn158_medium <=> , (-1e-06, 1000.0)
EX_MGlcn158_rl_medium, EX_MGlcn158_rl_medium: MGlcn158_rl_medium <=> , (-1e-06, 1000.0)
EX_MGlcn159_medium, EX_MGlcn159_medium: MGlcn159_medium <=> , (-1e-06, 1000.0)
EX_MGlcn159_rl_medium, EX_MGlcn159_rl_medium: MGlcn159_rl_medium <=> , (-1e-06, 1000.0)
EX_MGlcn160_medium, EX_MGlcn160_medium: MGlcn160_medium <=> , (-1e-06, 1000.0)
EX_MGlcn160_rl_medium, EX_MGlcn160_rl_medium: MGlcn160_rl_medium <=> , (-1e-06, 1000.0)
EX_MGlcn161_medium, EX_MGlcn161_medium: MGlcn161_medium <=> , (-1e-06, 1000.0)
EX_MGlcn161_rl_medium, EX_MGlcn161_rl_medium: MGlcn161_rl_medium <=> , (-1e-06, 1000.0)
EX_MGlcn163_medium, EX_MGlcn163_medium: MGlcn163_medium <=> , (-1e-06, 1000.0)
EX_MGlcn163_rl_medium, EX_MGlcn163_rl_medium: MGlcn163_rl_medium <=> , (-1e-06, 1000.0)
EX_MGlcn164_medium, EX_MGlcn164_medium: MGlcn164_medium <=> , (-1e-06, 1000.0)
EX_MGlcn164_rl_medium, EX_MGlcn164_rl_medium: MGlcn164_rl_medium <=> , (-1e-06, 1000.0)
EX_MGlcn165_medium, EX_MGlcn165_medium: MGlcn165_medium <=> , (-1e-06, 1000.0)
EX_MGlcn165_rl_medium, EX_MGlcn165_rl_medium: MGlcn165_rl_medium <=> , (-1e-06, 1000.0)
EX_MGlcn166_medium, EX_MGlcn166_medium: MGlcn166_medium <=> , (-1e-06, 1000.0)
EX_MGlcn166_rl_medium, EX_MGlcn166_rl_medium: MGlcn166_rl_medium <=> , (-1e-06, 1000.0)
EX_MGlcn167_medium, EX_MGlcn167_medium: MGlcn167_medium <=> , (-1e-06, 1000.0)
EX_MGlcn167_rl_medium, EX_MGlcn167_rl_medium: MGlcn167_rl_medium <=> , (-1e-06, 1000.0)
EX_MGlcn168_medium, EX_MGlcn168_medium: MGlcn168_medium <=> , (-1e-06, 1000.0)
EX_MGlcn168_rl_medium, EX_MGlcn168_rl_medium: MGlcn168_rl_medium <=> , (-1e-06, 1000.0)
EX_MGlcn169_medium, EX_MGlcn169_medium: MGlcn169_medium <=> , (-1e-06, 1000.0)
EX_MGlcn169_rl_medium, EX_MGlcn169_rl_medium: MGlcn169_rl_medium <=> , (-1e-06, 1000.0)
EX_MGlcn16_medium, EX_MGlcn16_medium: MGlcn16_medium <=> , (-1e-06, 1000.0)
EX_MGlcn16_rl_medium, EX_MGlcn16_rl_medium: MGlcn16_rl_medium <=> , (-1e-06, 1000.0)
EX_MGlcn170_medium, EX_MGlcn170_medium: MGlcn170_medium <=> , (-1e-06, 1000.0)
EX_MGlcn170_rl_medium, EX_MGlcn170_rl_medium: MGlcn170_rl_medium <=> , (-1e-06, 1000.0)
EX_MGlcn171_medium, EX_MGlcn171_medium: MGlcn171_medium <=> , (-1e-06, 1000.0)
EX_MGlcn171_rl_medium, EX_MGlcn171_rl_medium: MGlcn171_rl_medium <=> , (-1e-06, 1000.0)
EX_MGlcn172_medium, EX_MGlcn172_medium: MGlcn172_medium <=> , (-1e-06, 1000.0)
EX_MGlcn172_rl_medium, EX_MGlcn172_rl_medium: MGlcn172_rl_medium <=> , (-1e-06, 1000.0)
EX_MGlcn173_medium, EX_MGlcn173_medium: MGlcn173_medium <=> , (-1e-06, 1000.0)
EX_MGlcn173_rl_medium, EX_MGlcn173_rl_medium: MGlcn173_rl_medium <=> , (-1e-06, 1000.0)
EX_MGlcn174_medium, EX_MGlcn174_medium: MGlcn174_medium <=> , (-1e-06, 1000.0)
EX_MGlcn174_rl_medium, EX_MGlcn174_rl_medium: MGlcn174_rl_medium <=> , (-1e-06, 1000.0)
EX_MGlcn175_medium, EX_MGlcn175_medium: MGlcn175_medium <=> , (-1e-06, 1000.0)
EX_MGlcn175_rl_medium, EX_MGlcn175_rl_medium: MGlcn175_rl_medium <=> , (-1e-06, 1000.0)
EX_MGlcn176_medium, EX_MGlcn176_medium: MGlcn176_medium <=> , (-1e-06, 1000.0)
EX_MGlcn176_rl_medium, EX_MGlcn176_rl_medium: MGlcn176_rl_medium <=> , (-1e-06, 1000.0)
EX_MGlcn177_medium, EX_MGlcn177_medium: MGlcn177_medium <=> , (-1e-06, 1000.0)
EX_MGlcn177_rl_medium, EX_MGlcn177_rl_medium: MGlcn177_rl_medium <=> , (-1e-06, 1000.0)
EX_MGlcn178_medium, EX_MGlcn178_medium: MGlcn178_medium <=> , (-1e-06, 1000.0)
EX_MGlcn178_rl_medium, EX_MGlcn178_rl_medium: MGlcn178_rl_medium <=> , (-1e-06, 1000.0)
EX_MGlcn179_medium, EX_MGlcn179_medium: MGlcn179_medium <=> , (-1e-06, 1000.0)
EX_MGlcn179_rl_medium, EX_MGlcn179_rl_medium: MGlcn179_rl_medium <=> , (-1e-06, 1000.0)
EX_MGlcn180_medium, EX_MGlcn180_medium: MGlcn180_medium <=> , (-1e-06, 1000.0)
EX_MGlcn180_rl_medium, EX_MGlcn180_rl_medium: MGlcn180_rl_medium <=> , (-1e-06, 1000.0)
EX_MGlcn181_medium, EX_MGlcn181_medium: MGlcn181_medium <=> , (-1e-06, 1000.0)
EX_MGlcn181_rl_medium, EX_MGlcn181_rl_medium: MGlcn181_rl_medium <=> , (-1e-06, 1000.0)
EX_MGlcn182_medium, EX_MGlcn182_medium: MGlcn182_medium <=> , (-1e-06, 1000.0)
EX_MGlcn182_rl_medium, EX_MGlcn182_rl_medium: MGlcn182_rl_medium <=> , (-1e-06, 1000.0)
EX_MGlcn18_medium, EX_MGlcn18_medium: MGlcn18_medium <=> , (-1e-06, 1000.0)
EX_MGlcn18_rl_medium, EX_MGlcn18_rl_medium: MGlcn18_rl_medium <=> , (-1e-06, 1000.0)
EX_MGlcn195_medium, EX_MGlcn195_medium: MGlcn195_medium <=> , (-1e-06, 1000.0)
EX_MGlcn195_rl_medium, EX_MGlcn195_rl_medium: MGlcn195_rl_medium <=> , (-1e-06, 1000.0)
EX_MGlcn196_medium, EX_MGlcn196_medium: MGlcn196_medium <=> , (-1e-06, 1000.0)
EX_MGlcn196_rl_medium, EX_MGlcn196_rl_medium: MGlcn196_rl_medium <=> , (-1e-06, 1000.0)
EX_MGlcn21_medium, EX_MGlcn21_medium: MGlcn21_medium <=> , (-1e-06, 1000.0)
EX_MGlcn21_rl_medium, EX_MGlcn21_rl_medium: MGlcn21_rl_medium <=> , (-1e-06, 1000.0)
EX_MGlcn22_medium, EX_MGlcn22_medium: MGlcn22_medium <=> , (-1e-06, 1000.0)
EX_MGlcn22_rl_medium, EX_MGlcn22_rl_medium: MGlcn22_rl_medium <=> , (-1e-06, 1000.0)
EX_MGlcn23_medium, EX_MGlcn23_medium: MGlcn23_medium <=> , (-1e-06, 1000.0)
EX_MGlcn23_rl_medium, EX_MGlcn23_rl_medium: MGlcn23_rl_medium <=> , (-1e-06, 1000.0)
EX_MGlcn25_medium, EX_MGlcn25_medium: MGlcn25_medium <=> , (-1e-06, 1000.0)
EX_MGlcn25_rl_medium, EX_MGlcn25_rl_medium: MGlcn25_rl_medium <=> , (-1e-06, 1000.0)
EX_MGlcn26_medium, EX_MGlcn26_medium: MGlcn26_medium <=> , (-1e-06, 1000.0)
EX_MGlcn26_rl_medium, EX_MGlcn26_rl_medium: MGlcn26_rl_medium <=> , (-1e-06, 1000.0)
EX_MGlcn27_medium, EX_MGlcn27_medium: MGlcn27_medium <=> , (-1e-06, 1000.0)
EX_MGlcn27_rl_medium, EX_MGlcn27_rl_medium: MGlcn27_rl_medium <=> , (-1e-06, 1000.0)
EX_MGlcn28_medium, EX_MGlcn28_medium: MGlcn28_medium <=> , (-1e-06, 1000.0)
EX_MGlcn28_rl_medium, EX_MGlcn28_rl_medium: MGlcn28_rl_medium <=> , (-1e-06, 1000.0)
EX_MGlcn29_medium, EX_MGlcn29_medium: MGlcn29_medium <=> , (-1e-06, 1000.0)
EX_MGlcn29_rl_medium, EX_MGlcn29_rl_medium: MGlcn29_rl_medium <=> , (-1e-06, 1000.0)
EX_MGlcn2_medium, EX_MGlcn2_medium: MGlcn2_medium <=> , (-1e-06, 1000.0)
EX_MGlcn2_rl_medium, EX_MGlcn2_rl_medium: MGlcn2_rl_medium <=> , (-1e-06, 1000.0)
EX_MGlcn30_medium, EX_MGlcn30_medium: MGlcn30_medium <=> , (-1e-06, 1000.0)
EX_MGlcn30_rl_medium, EX_MGlcn30_rl_medium: MGlcn30_rl_medium <=> , (-1e-06, 1000.0)
EX_MGlcn31_medium, EX_MGlcn31_medium: MGlcn31_medium <=> , (-1e-06, 1000.0)
EX_MGlcn31_rl_medium, EX_MGlcn31_rl_medium: MGlcn31_rl_medium <=> , (-1e-06, 1000.0)
EX_MGlcn32_medium, EX_MGlcn32_medium: MGlcn32_medium <=> , (-1e-06, 1000.0)
EX_MGlcn32_rl_medium, EX_MGlcn32_rl_medium: MGlcn32_rl_medium <=> , (-1e-06, 1000.0)
EX_MGlcn34_medium, EX_MGlcn34_medium: MGlcn34_medium <=> , (-1e-06, 1000.0)
EX_MGlcn34_rl_medium, EX_MGlcn34_rl_medium: MGlcn34_rl_medium <=> , (-1e-06, 1000.0)
EX_MGlcn35_medium, EX_MGlcn35_medium: MGlcn35_medium <=> , (-1e-06, 1000.0)
EX_MGlcn35_rl_medium, EX_MGlcn35_rl_medium: MGlcn35_rl_medium <=> , (-1e-06, 1000.0)
EX_MGlcn36_medium, EX_MGlcn36_medium: MGlcn36_medium <=> , (-1e-06, 1000.0)
EX_MGlcn36_rl_medium, EX_MGlcn36_rl_medium: MGlcn36_rl_medium <=> , (-1e-06, 1000.0)
EX_MGlcn39_medium, EX_MGlcn39_medium: MGlcn39_medium <=> , (-1e-06, 1000.0)
EX_MGlcn39_rl_medium, EX_MGlcn39_rl_medium: MGlcn39_rl_medium <=> , (-1e-06, 1000.0)
EX_MGlcn3_medium, EX_MGlcn3_medium: MGlcn3_medium <=> , (-1e-06, 1000.0)
EX_MGlcn3_rl_medium, EX_MGlcn3_rl_medium: MGlcn3_rl_medium <=> , (-1e-06, 1000.0)
EX_MGlcn42_medium, EX_MGlcn42_medium: MGlcn42_medium <=> , (-1e-06, 1000.0)
EX_MGlcn42_rl_medium, EX_MGlcn42_rl_medium: MGlcn42_rl_medium <=> , (-1e-06, 1000.0)
EX_MGlcn45_medium, EX_MGlcn45_medium: MGlcn45_medium <=> , (-1e-06, 1000.0)
EX_MGlcn45_rl_medium, EX_MGlcn45_rl_medium: MGlcn45_rl_medium <=> , (-1e-06, 1000.0)
EX_MGlcn46_medium, EX_MGlcn46_medium: MGlcn46_medium <=> , (-1e-06, 1000.0)
EX_MGlcn46_rl_medium, EX_MGlcn46_rl_medium: MGlcn46_rl_medium <=> , (-1e-06, 1000.0)
EX_MGlcn48_medium, EX_MGlcn48_medium: MGlcn48_medium <=> , (-1e-06, 1000.0)
EX_MGlcn48_rl_medium, EX_MGlcn48_rl_medium: MGlcn48_rl_medium <=> , (-1e-06, 1000.0)
EX_MGlcn4_medium, EX_MGlcn4_medium: MGlcn4_medium <=> , (-1e-06, 1000.0)
EX_MGlcn4_rl_medium, EX_MGlcn4_rl_medium: MGlcn4_rl_medium <=> , (-1e-06, 1000.0)
EX_MGlcn51_medium, EX_MGlcn51_medium: MGlcn51_medium <=> , (-1e-06, 1000.0)
EX_MGlcn51_rl_medium, EX_MGlcn51_rl_medium: MGlcn51_rl_medium <=> , (-1e-06, 1000.0)
EX_MGlcn53_medium, EX_MGlcn53_medium: MGlcn53_medium <=> , (-1e-06, 1000.0)
EX_MGlcn53_rl_medium, EX_MGlcn53_rl_medium: MGlcn53_rl_medium <=> , (-1e-06, 1000.0)
EX_MGlcn55_medium, EX_MGlcn55_medium: MGlcn55_medium <=> , (-1e-06, 1000.0)
EX_MGlcn55_rl_medium, EX_MGlcn55_rl_medium: MGlcn55_rl_medium <=> , (-1e-06, 1000.0)
EX_MGlcn56_medium, EX_MGlcn56_medium: MGlcn56_medium <=> , (-1e-06, 1000.0)
EX_MGlcn56_rl_medium, EX_MGlcn56_rl_medium: MGlcn56_rl_medium <=> , (-1e-06, 1000.0)
EX_MGlcn57_medium, EX_MGlcn57_medium: MGlcn57_medium <=> , (-1e-06, 1000.0)
EX_MGlcn57_rl_medium, EX_MGlcn57_rl_medium: MGlcn57_rl_medium <=> , (-1e-06, 1000.0)
EX_MGlcn58_medium, EX_MGlcn58_medium: MGlcn58_medium <=> , (-1e-06, 1000.0)
EX_MGlcn58_rl_medium, EX_MGlcn58_rl_medium: MGlcn58_rl_medium <=> , (-1e-06, 1000.0)
EX_MGlcn5_medium, EX_MGlcn5_medium: MGlcn5_medium <=> , (-1e-06, 1000.0)
EX_MGlcn5_rl_medium, EX_MGlcn5_rl_medium: MGlcn5_rl_medium <=> , (-1e-06, 1000.0)
EX_MGlcn61_medium, EX_MGlcn61_medium: MGlcn61_medium <=> , (-1e-06, 1000.0)
EX_MGlcn61_rl_medium, EX_MGlcn61_rl_medium: MGlcn61_rl_medium <=> , (-1e-06, 1000.0)
EX_MGlcn64_medium, EX_MGlcn64_medium: MGlcn64_medium <=> , (-1e-06, 1000.0)
EX_MGlcn64_rl_medium, EX_MGlcn64_rl_medium: MGlcn64_rl_medium <=> , (-1e-06, 1000.0)
EX_MGlcn65_medium, EX_MGlcn65_medium: MGlcn65_medium <=> , (-1e-06, 1000.0)
EX_MGlcn65_rl_medium, EX_MGlcn65_rl_medium: MGlcn65_rl_medium <=> , (-1e-06, 1000.0)
EX_MGlcn66_medium, EX_MGlcn66_medium: MGlcn66_medium <=> , (-1e-06, 1000.0)
EX_MGlcn66_rl_medium, EX_MGlcn66_rl_medium: MGlcn66_rl_medium <=> , (-1e-06, 1000.0)
EX_MGlcn68_medium, EX_MGlcn68_medium: MGlcn68_medium <=> , (-1e-06, 1000.0)
EX_MGlcn68_rl_medium, EX_MGlcn68_rl_medium: MGlcn68_rl_medium <=> , (-1e-06, 1000.0)
EX_MGlcn69_medium, EX_MGlcn69_medium: MGlcn69_medium <=> , (-1e-06, 1000.0)
EX_MGlcn69_rl_medium, EX_MGlcn69_rl_medium: MGlcn69_rl_medium <=> , (-1e-06, 1000.0)
EX_MGlcn6_medium, EX_MGlcn6_medium: MGlcn6_medium <=> , (-1e-06, 1000.0)
EX_MGlcn6_rl_medium, EX_MGlcn6_rl_medium: MGlcn6_rl_medium <=> , (-1e-06, 1000.0)
EX_MGlcn70_medium, EX_MGlcn70_medium: MGlcn70_medium <=> , (-1e-06, 1000.0)
EX_MGlcn70_rl_medium, EX_MGlcn70_rl_medium: MGlcn70_rl_medium <=> , (-1e-06, 1000.0)
EX_MGlcn71_medium, EX_MGlcn71_medium: MGlcn71_medium <=> , (-1e-06, 1000.0)
EX_MGlcn71_rl_medium, EX_MGlcn71_rl_medium: MGlcn71_rl_medium <=> , (-1e-06, 1000.0)
EX_MGlcn72_medium, EX_MGlcn72_medium: MGlcn72_medium <=> , (-1e-06, 1000.0)
EX_MGlcn72_rl_medium, EX_MGlcn72_rl_medium: MGlcn72_rl_medium <=> , (-1e-06, 1000.0)
EX_MGlcn74_medium, EX_MGlcn74_medium: MGlcn74_medium <=> , (-1e-06, 1000.0)
EX_MGlcn74_rl_medium, EX_MGlcn74_rl_medium: MGlcn74_rl_medium <=> , (-1e-06, 1000.0)
EX_MGlcn75_medium, EX_MGlcn75_medium: MGlcn75_medium <=> , (-1e-06, 1000.0)
EX_MGlcn75_rl_medium, EX_MGlcn75_rl_medium: MGlcn75_rl_medium <=> , (-1e-06, 1000.0)
EX_MGlcn77_medium, EX_MGlcn77_medium: MGlcn77_medium <=> , (-1e-06, 1000.0)
EX_MGlcn77_rl_medium, EX_MGlcn77_rl_medium: MGlcn77_rl_medium <=> , (-1e-06, 1000.0)
EX_MGlcn78_medium, EX_MGlcn78_medium: MGlcn78_medium <=> , (-1e-06, 1000.0)
EX_MGlcn78_rl_medium, EX_MGlcn78_rl_medium: MGlcn78_rl_medium <=> , (-1e-06, 1000.0)
EX_MGlcn79_medium, EX_MGlcn79_medium: MGlcn79_medium <=> , (-1e-06, 1000.0)
EX_MGlcn79_rl_medium, EX_MGlcn79_rl_medium: MGlcn79_rl_medium <=> , (-1e-06, 1000.0)
EX_MGlcn80_medium, EX_MGlcn80_medium: MGlcn80_medium <=> , (-1e-06, 1000.0)
EX_MGlcn80_rl_medium, EX_MGlcn80_rl_medium: MGlcn80_rl_medium <=> , (-1e-06, 1000.0)
EX_MGlcn81_medium, EX_MGlcn81_medium: MGlcn81_medium <=> , (-1e-06, 1000.0)
EX_MGlcn81_rl_medium, EX_MGlcn81_rl_medium: MGlcn81_rl_medium <=> , (-1e-06, 1000.0)
EX_MGlcn82_medium, EX_MGlcn82_medium: MGlcn82_medium <=> , (-1e-06, 1000.0)
EX_MGlcn82_rl_medium, EX_MGlcn82_rl_medium: MGlcn82_rl_medium <=> , (-1e-06, 1000.0)
EX_MGlcn83_medium, EX_MGlcn83_medium: MGlcn83_medium <=> , (-1e-06, 1000.0)
EX_MGlcn83_rl_medium, EX_MGlcn83_rl_medium: MGlcn83_rl_medium <=> , (-1e-06, 1000.0)
EX_MGlcn84_medium, EX_MGlcn84_medium: MGlcn84_medium <=> , (-1e-06, 1000.0)
EX_MGlcn84_rl_medium, EX_MGlcn84_rl_medium: MGlcn84_rl_medium <=> , (-1e-06, 1000.0)
EX_MGlcn85_medium, EX_MGlcn85_medium: MGlcn85_medium <=> , (-1e-06, 1000.0)
EX_MGlcn85_rl_medium, EX_MGlcn85_rl_medium: MGlcn85_rl_medium <=> , (-1e-06, 1000.0)
EX_MGlcn90_medium, EX_MGlcn90_medium: MGlcn90_medium <=> , (-1e-06, 1000.0)
EX_MGlcn90_rl_medium, EX_MGlcn90_rl_medium: MGlcn90_rl_medium <=> , (-1e-06, 1000.0)
EX_MGlcn91_medium, EX_MGlcn91_medium: MGlcn91_medium <=> , (-1e-06, 1000.0)
EX_MGlcn91_rl_medium, EX_MGlcn91_rl_medium: MGlcn91_rl_medium <=> , (-1e-06, 1000.0)
EX_MGlcn92_medium, EX_MGlcn92_medium: MGlcn92_medium <=> , (-1e-06, 1000.0)
EX_MGlcn92_rl_medium, EX_MGlcn92_rl_medium: MGlcn92_rl_medium <=> , (-1e-06, 1000.0)
EX_MGlcn93_medium, EX_MGlcn93_medium: MGlcn93_medium <=> , (-1e-06, 1000.0)
EX_MGlcn93_rl_medium, EX_MGlcn93_rl_medium: MGlcn93_rl_medium <=> , (-1e-06, 1000.0)
EX_MGlcn94_medium, EX_MGlcn94_medium: MGlcn94_medium <=> , (-1e-06, 1000.0)
EX_MGlcn94_rl_medium, EX_MGlcn94_rl_medium: MGlcn94_rl_medium <=> , (-1e-06, 1000.0)
EX_MGlcn95_medium, EX_MGlcn95_medium: MGlcn95_medium <=> , (-1e-06, 1000.0)
EX_MGlcn95_rl_medium, EX_MGlcn95_rl_medium: MGlcn95_rl_medium <=> , (-1e-06, 1000.0)
EX_MGlcn96_medium, EX_MGlcn96_medium: MGlcn96_medium <=> , (-1e-06, 1000.0)
EX_MGlcn96_rl_medium, EX_MGlcn96_rl_medium: MGlcn96_rl_medium <=> , (-1e-06, 1000.0)
EX_MGlcn97_medium, EX_MGlcn97_medium: MGlcn97_medium <=> , (-1e-06, 1000.0)
EX_MGlcn97_rl_medium, EX_MGlcn97_rl_medium: MGlcn97_rl_medium <=> , (-1e-06, 1000.0)
EX_MGlcn98_medium, EX_MGlcn98_medium: MGlcn98_medium <=> , (-1e-06, 1000.0)
EX_MGlcn98_rl_medium, EX_MGlcn98_rl_medium: MGlcn98_rl_medium <=> , (-1e-06, 1000.0)
EX_MGlcn99_medium, EX_MGlcn99_medium: MGlcn99_medium <=> , (-1e-06, 1000.0)
EX_MGlcn99_rl_medium, EX_MGlcn99_rl_medium: MGlcn99_rl_medium <=> , (-1e-06, 1000.0)
EX_T_antigen_medium, EX_T_antigen_medium: T_antigen_medium <=> , (-1e-06, 1000.0)
EX_Tn_antigen_medium, EX_Tn_antigen_medium: Tn_antigen_medium <=> , (-1e-06, 1000.0)
EX_ac_medium, EX_ac_medium: ac_medium <=> , (-1e-06, 1000.0)
EX_acald_medium, EX_acald_medium: acald_medium <=> , (-1e-06, 1000.0)
EX_acgal_medium, EX_acgal_medium: acgal_medium <=> , (-1e-06, 1000.0)
EX_acnam2a6agal_medium, EX_acnam2a6agal_medium: acnam2a6agal_medium <=> , (-1e-06, 1000.0)
EX_acnam_medium, EX_acnam_medium: acnam_medium <=> , (-1e-06, 1000.0)
EX_adn_medium, EX_adn_medium: adn_medium <=> , (-1e-06, 1000.0)
EX_adocbl_medium, EX_adocbl_medium: adocbl_medium <=> , (-1e-06, 1000.0)
EX_agam1b3agal_medium, EX_agam1b3agal_medium: agam1b3agal_medium <=> , (-1e-06, 1000.0)
EX_agam1b6agal_medium, EX_agam1b6agal_medium: agam1b6agal_medium <=> , (-1e-06, 1000.0)
EX_arab_L_medium, EX_arab_L_medium: arab_L_medium <=> , (-1e-06, 1000.0)
EX_arabttr_medium, EX_arabttr_medium: arabttr_medium <=> , (-1e-06, 1000.0)
EX_arbt_medium, EX_arbt_medium: arbt_medium <=> , (-1e-06, 1000.0)
EX_asn_L_medium, EX_asn_L_medium: asn_L_medium <=> , (-1e-06, 1000.0)
EX_btn_medium, EX_btn_medium: btn_medium <=> , (-0.0001786663279938, 1000.0)
EX_but_medium, EX_but_medium: but_medium <=> , (-26.3342564399315, 1000.0)
EX_ca2_medium, EX_ca2_medium: ca2_medium <=> , (-18.549079295374, 1000.0)
EX_cbl1_medium, EX_cbl1_medium: cbl1_medium <=> , (-1e-06, 1000.0)
EX_cbl2_medium, EX_cbl2_medium: cbl2_medium <=> , (-1e-06, 1000.0)
EX_cd2_medium, EX_cd2_medium: cd2_medium <=> , (-1e-06, 1000.0)
EX_cellb_medium, EX_cellb_medium: cellb_medium <=> , (-1e-06, 1000.0)
EX_cholate_medium, EX_cholate_medium: cholate_medium <=> , (-1e-06, 1000.0)
EX_cl_medium, EX_cl_medium: cl_medium <=> , (-375.557498660198, 1000.0)
EX_co2_medium, EX_co2_medium: co2_medium <=> , (-1e-06, 1000.0)
EX_cobalt2_medium, EX_cobalt2_medium: cobalt2_medium <=> , (-1e-06, 1000.0)
EX_core2_medium, EX_core2_medium: core2_medium <=> , (-1e-06, 1000.0)
EX_core2_rl_medium, EX_core2_rl_medium: core2_rl_medium <=> , (-1e-06, 1000.0)
EX_core3_medium, EX_core3_medium: core3_medium <=> , (-1e-06, 1000.0)
EX_core6_medium, EX_core6_medium: core6_medium <=> , (-1e-06, 1000.0)
EX_core8_medium, EX_core8_medium: core8_medium <=> , (-1e-06, 1000.0)
EX_cro4_medium, EX_cro4_medium: cro4_medium <=> , (-1e-06, 1000.0)
EX_csn_medium, EX_csn_medium: csn_medium <=> , (-1e-06, 1000.0)
EX_cu2_medium, EX_cu2_medium: cu2_medium <=> , (-0.0356749441349574, 1000.0)
EX_cys_L_medium, EX_cys_L_medium: cys_L_medium <=> , (-7.5118316383043, 1000.0)
EX_cytd_medium, EX_cytd_medium: cytd_medium <=> , (-1e-06, 1000.0)
EX_dad_2_medium, EX_dad_2_medium: dad_2_medium <=> , (-1e-06, 1000.0)
EX_dcyt_medium, EX_dcyt_medium: dcyt_medium <=> , (-1e-06, 1000.0)
EX_dgchol_medium, EX_dgchol_medium: dgchol_medium <=> , (-1e-06, 1000.0)
EX_dgsn_medium, EX_dgsn_medium: dgsn_medium <=> , (-1e-06, 1000.0)
EX_din_medium, EX_din_medium: din_medium <=> , (-1e-06, 1000.0)
EX_drib_medium, EX_drib_medium: drib_medium <=> , (-1e-06, 1000.0)
EX_duri_medium, EX_duri_medium: duri_medium <=> , (-1e-06, 1000.0)
EX_etoh_medium, EX_etoh_medium: etoh_medium <=> , (-234.434015507376, 1000.0)
EX_f1a_medium, EX_f1a_medium: f1a_medium <=> , (-1e-06, 1000.0)
EX_f1a_rl_medium, EX_f1a_rl_medium: f1a_rl_medium <=> , (-1e-06, 1000.0)
EX_fe2_medium, EX_fe2_medium: fe2_medium <=> , (-0.109248813680723, 1000.0)
EX_fe3_medium, EX_fe3_medium: fe3_medium <=> , (-0.109248813680723, 1000.0)
EX_for_medium, EX_for_medium: for_medium <=> , (-1e-06, 1000.0)
EX_fru_medium, EX_fru_medium: fru_medium <=> , (-106.505865197865, 1000.0)
EX_gal1a3acgal_medium, EX_gal1a3acgal_medium: gal1a3acgal_medium <=> , (-1e-06, 1000.0)
EX_gal1b3acgal_medium, EX_gal1b3acgal_medium: gal1b3acgal_medium <=> , (-1e-06, 1000.0)
EX_gal_medium, EX_gal_medium: gal_medium <=> , (-0.0299740391516459, 1000.0)
EX_gam_medium, EX_gam_medium: gam_medium <=> , (-1e-06, 1000.0)
EX_gchola_medium, EX_gchola_medium: gchola_medium <=> , (-1e-06, 1000.0)
EX_glc_D_medium, EX_glc_D_medium: glc_D_medium <=> , (-135.580350130082, 1000.0)
EX_gln_L_medium, EX_gln_L_medium: gln_L_medium <=> , (-1e-06, 1000.0)
EX_glu_L_medium, EX_glu_L_medium: glu_L_medium <=> , (-103.122200527918, 1000.0)
EX_gly_medium, EX_gly_medium: gly_medium <=> , (-36.7646862919061, 1000.0)
EX_glyb_medium, EX_glyb_medium: glyb_medium <=> , (-1e-06, 1000.0)
EX_glyc3p_medium, EX_glyc3p_medium: glyc3p_medium <=> , (-1e-06, 1000.0)
EX_glyc_medium, EX_glyc_medium: glyc_medium <=> , (-1e-06, 1000.0)
EX_h2_medium, EX_h2_medium: h2_medium <=> , (-1e-06, 1000.0)
EX_h2o_medium, EX_h2o_medium: h2o_medium <=> , (-165892.342500366, 1000.0)
EX_h2s_medium, EX_h2s_medium: h2s_medium <=> , (-1e-06, 1000.0)
EX_h_medium, EX_h_medium: h_medium <=> , (-1e-06, 1000.0)
EX_hg2_medium, EX_hg2_medium: hg2_medium <=> , (-1e-06, 1000.0)
EX_hxan_medium, EX_hxan_medium: hxan_medium <=> , (-1e-06, 1000.0)
EX_ins_medium, EX_ins_medium: ins_medium <=> , (-1e-06, 1000.0)
EX_inulin_medium, EX_inulin_medium: inulin_medium <=> , (-1e-06, 1000.0)
EX_k_medium, EX_k_medium: k_medium <=> , (-83.433806584941, 1000.0)
EX_kesto_medium, EX_kesto_medium: kesto_medium <=> , (-1e-06, 1000.0)
EX_kestopt_medium, EX_kestopt_medium: kestopt_medium <=> , (-1e-06, 1000.0)
EX_kestottr_medium, EX_kestottr_medium: kestottr_medium <=> , (-1e-06, 1000.0)
EX_lcts_medium, EX_lcts_medium: lcts_medium <=> , (-4.12671470494148, 1000.0)
EX_lys_L_medium, EX_lys_L_medium: lys_L_medium <=> , (-33.3115482470592, 1000.0)
EX_malt_medium, EX_malt_medium: malt_medium <=> , (-8.41375824760113, 1000.0)
EX_malthx_medium, EX_malthx_medium: malthx_medium <=> , (-1e-06, 1000.0)
EX_malttr_medium, EX_malttr_medium: malttr_medium <=> , (-1e-06, 1000.0)
EX_mantr_medium, EX_mantr_medium: mantr_medium <=> , (-1e-06, 1000.0)
EX_melib_medium, EX_melib_medium: melib_medium <=> , (-1e-06, 1000.0)
EX_mg2_medium, EX_mg2_medium: mg2_medium <=> , (-14.529932112734, 1000.0)
EX_mn2_medium, EX_mn2_medium: mn2_medium <=> , (-0.07470233059804, 1000.0)
EX_n2_medium, EX_n2_medium: n2_medium <=> , (-1e-06, 1000.0)
EX_na1_medium, EX_na1_medium: na1_medium <=> , (-172.446271718304, 1000.0)
EX_nac_medium, EX_nac_medium: nac_medium <=> , (-0.30861619226627, 1000.0)
EX_nh4_medium, EX_nh4_medium: nh4_medium <=> , (-1e-06, 1000.0)
EX_o2_medium, EX_o2_medium: o2_medium <=> , (-1e-06, 1000.0)
EX_pb_medium, EX_pb_medium: pb_medium <=> , (-1e-06, 1000.0)
EX_pi_medium, EX_pi_medium: pi_medium <=> , (-14.2266092792925, 1000.0)
EX_pnto_R_medium, EX_pnto_R_medium: pnto_R_medium <=> , (-0.0255697049402686, 1000.0)
EX_pro_L_medium, EX_pro_L_medium: pro_L_medium <=> , (-53.8152791831878, 1000.0)
EX_ptrc_medium, EX_ptrc_medium: ptrc_medium <=> , (-1e-06, 1000.0)
EX_pydam_medium, EX_pydam_medium: pydam_medium <=> , (-0.0031717700644007, 1000.0)
EX_pydx_medium, EX_pydx_medium: pydx_medium <=> , (-0.0032104585172866, 1000.0)
EX_pydxn_medium, EX_pydxn_medium: pydxn_medium <=> , (-0.0031722050213838, 1000.0)
EX_raffin_medium, EX_raffin_medium: raffin_medium <=> , (-1e-06, 1000.0)
EX_rib_D_medium, EX_rib_D_medium: rib_D_medium <=> , (-1e-06, 1000.0)
EX_ribflv_medium, EX_ribflv_medium: ribflv_medium <=> , (-0.0036932341279277, 1000.0)
EX_sTn_antigen_medium, EX_sTn_antigen_medium: sTn_antigen_medium <=> , (-1e-06, 1000.0)
EX_salcn_medium, EX_salcn_medium: salcn_medium <=> , (-1e-06, 1000.0)
EX_ser_L_medium, EX_ser_L_medium: ser_L_medium <=> , (-37.3792255591735, 1000.0)
EX_so4_medium, EX_so4_medium: so4_medium <=> , (-1e-06, 1000.0)
EX_spmd_medium, EX_spmd_medium: spmd_medium <=> , (-1e-06, 1000.0)
EX_stys_medium, EX_stys_medium: stys_medium <=> , (-1e-06, 1000.0)
EX_succ_medium, EX_succ_medium: succ_medium <=> , (-1e-06, 1000.0)
EX_sucr_medium, EX_sucr_medium: sucr_medium <=> , (-202.383021737003, 1000.0)
EX_taur_medium, EX_taur_medium: taur_medium <=> , (-1e-06, 1000.0)
EX_tchola_medium, EX_tchola_medium: tchola_medium <=> , (-1e-06, 1000.0)
EX_tdchola_medium, EX_tdchola_medium: tdchola_medium <=> , (-1e-06, 1000.0)
EX_thr_L_medium, EX_thr_L_medium: thr_L_medium <=> , (-25.8810502421104, 1000.0)
EX_thymd_medium, EX_thymd_medium: thymd_medium <=> , (-1e-06, 1000.0)
EX_tma_medium, EX_tma_medium: tma_medium <=> , (-1e-06, 1000.0)
EX_trp_L_medium, EX_trp_L_medium: trp_L_medium <=> , (-4.55482477186948, 1000.0)
EX_ura_medium, EX_ura_medium: ura_medium <=> , (-1e-06, 1000.0)
EX_urea_medium, EX_urea_medium: urea_medium <=> , (-1e-06, 1000.0)
EX_uri_medium, EX_uri_medium: uri_medium <=> , (-1e-06, 1000.0)
EX_xan_medium, EX_xan_medium: xan_medium <=> , (-1e-06, 1000.0)
EX_xyl_D_medium, EX_xyl_D_medium: xyl_D_medium <=> , (-1e-06, 1000.0)
EX_zn2_medium, EX_zn2_medium: zn2_medium <=> , (-0.150963597430407, 1000.0)
EX__12dgr180_medium, EX__12dgr180_medium: _12dgr180_medium <=> , (-1e-06, 1000.0)
EX__4abut_medium, EX__4abut_medium: _4abut_medium <=> , (-1e-06, 1000.0)
EX_Lcystin_medium, EX_Lcystin_medium: Lcystin_medium <=> , (-1e-06, 1000.0)
EX_Tyr_ggn_medium, EX_Tyr_ggn_medium: Tyr_ggn_medium <=> , (-1e-06, 1000.0)
EX_acgam_medium, EX_acgam_medium: acgam_medium <=> , (-1e-06, 1000.0)
EX_ala_L_medium, EX_ala_L_medium: ala_L_medium <=> , (-37.2085636165274, 1000.0)
EX_alaasp_medium, EX_alaasp_medium: alaasp_medium <=> , (-1e-06, 1000.0)
EX_alagln_medium, EX_alagln_medium: alagln_medium <=> , (-1e-06, 1000.0)
EX_alaglu_medium, EX_alaglu_medium: alaglu_medium <=> , (-1e-06, 1000.0)
EX_alagly_medium, EX_alagly_medium: alagly_medium <=> , (-1e-06, 1000.0)
EX_alahis_medium, EX_alahis_medium: alahis_medium <=> , (-1e-06, 1000.0)
EX_alaleu_medium, EX_alaleu_medium: alaleu_medium <=> , (-1e-06, 1000.0)
EX_alathr_medium, EX_alathr_medium: alathr_medium <=> , (-1e-06, 1000.0)
EX_amylopect900_medium, EX_amylopect900_medium: amylopect900_medium <=> , (-1e-06, 1000.0)
EX_amylose300_medium, EX_amylose300_medium: amylose300_medium <=> , (-1e-06, 1000.0)
EX_arabinoxyl_medium, EX_arabinoxyl_medium: arabinoxyl_medium <=> , (-1e-06, 1000.0)
EX_arsenb_medium, EX_arsenb_medium: arsenb_medium <=> , (-1e-06, 1000.0)
EX_asp_L_medium, EX_asp_L_medium: asp_L_medium <=> , (-47.0867491277091, 1000.0)
EX_cgly_medium, EX_cgly_medium: cgly_medium <=> , (-1e-06, 1000.0)
EX_dextrin_medium, EX_dextrin_medium: dextrin_medium <=> , (-1e-06, 1000.0)
EX_fol_medium, EX_fol_medium: fol_medium <=> , (-0.0001346137907466, 1000.0)
EX_fum_medium, EX_fum_medium: fum_medium <=> , (-1e-06, 1000.0)
EX_galt_medium, EX_galt_medium: galt_medium <=> , (-1e-06, 1000.0)
EX_galur_medium, EX_galur_medium: galur_medium <=> , (-1e-06, 1000.0)
EX_glyasn_medium, EX_glyasn_medium: glyasn_medium <=> , (-1e-06, 1000.0)
EX_glyasp_medium, EX_glyasp_medium: glyasp_medium <=> , (-1e-06, 1000.0)
EX_glycys_medium, EX_glycys_medium: glycys_medium <=> , (-1e-06, 1000.0)
EX_glygln_medium, EX_glygln_medium: glygln_medium <=> , (-1e-06, 1000.0)
EX_glyglu_medium, EX_glyglu_medium: glyglu_medium <=> , (-1e-06, 1000.0)
EX_glygn2_medium, EX_glygn2_medium: glygn2_medium <=> , (-1e-06, 1000.0)
EX_glygn4_medium, EX_glygn4_medium: glygn4_medium <=> , (-1e-06, 1000.0)
EX_glygn5_medium, EX_glygn5_medium: glygn5_medium <=> , (-1e-06, 1000.0)
EX_glyleu_medium, EX_glyleu_medium: glyleu_medium <=> , (-1e-06, 1000.0)
EX_glymet_medium, EX_glymet_medium: glymet_medium <=> , (-1e-06, 1000.0)
EX_glyphe_medium, EX_glyphe_medium: glyphe_medium <=> , (-1e-06, 1000.0)
EX_glypro_medium, EX_glypro_medium: glypro_medium <=> , (-1e-06, 1000.0)
EX_glytyr_medium, EX_glytyr_medium: glytyr_medium <=> , (-1e-06, 1000.0)
EX_gthox_medium, EX_gthox_medium: gthox_medium <=> , (-1e-06, 1000.0)
EX_gthrd_medium, EX_gthrd_medium: gthrd_medium <=> , (-1e-06, 1000.0)
EX_hdca_medium, EX_hdca_medium: hdca_medium <=> , (-92.7850671903611, 1000.0)
EX_his_L_medium, EX_his_L_medium: his_L_medium <=> , (-14.0240766306639, 1000.0)
EX_ind3ac_medium, EX_ind3ac_medium: ind3ac_medium <=> , (-1e-06, 1000.0)
EX_lac_L_medium, EX_lac_L_medium: lac_L_medium <=> , (-1e-06, 1000.0)
EX_leu_L_medium, EX_leu_L_medium: leu_L_medium <=> , (-46.8878099058571, 1000.0)
EX_man_medium, EX_man_medium: man_medium <=> , (-1e-06, 1000.0)
EX_meoh_medium, EX_meoh_medium: meoh_medium <=> , (-1e-06, 1000.0)
EX_met_L_medium, EX_met_L_medium: met_L_medium <=> , (-10.7274046938804, 1000.0)
EX_metala_medium, EX_metala_medium: metala_medium <=> , (-1e-06, 1000.0)
EX_mnl_medium, EX_mnl_medium: mnl_medium <=> , (-0.170169038237532, 1000.0)
EX_mqn7_medium, EX_mqn7_medium: mqn7_medium <=> , (-1e-06, 1000.0)
EX_ocdca_medium, EX_ocdca_medium: ocdca_medium <=> , (-35.850866390117, 1000.0)
EX_pect_medium, EX_pect_medium: pect_medium <=> , (-1e-06, 1000.0)
EX_phe_L_medium, EX_phe_L_medium: phe_L_medium <=> , (-20.7149866425811, 1000.0)
EX_pullulan1200_medium, EX_pullulan1200_medium: pullulan1200_medium <=> , (-1e-06, 1000.0)
EX_rbflvrd_medium, EX_rbflvrd_medium: rbflvrd_medium <=> , (-1e-06, 1000.0)
EX_sbt_D_medium, EX_sbt_D_medium: sbt_D_medium <=> , (-0.0329359428846836, 1000.0)
EX_strch1_medium, EX_strch1_medium: strch1_medium <=> , (-33.0369997278473, 1000.0)
EX_strch2_medium, EX_strch2_medium: strch2_medium <=> , (-1e-06, 1000.0)
EX_tre_medium, EX_tre_medium: tre_medium <=> , (-1e-06, 1000.0)
EX_tsul_medium, EX_tsul_medium: tsul_medium <=> , (-1e-06, 1000.0)
EX_ttdca_medium, EX_ttdca_medium: ttdca_medium <=> , (-30.2113800398482, 1000.0)
EX_tyr_L_medium, EX_tyr_L_medium: tyr_L_medium <=> , (-15.6468539670012, 1000.0)
EX_xylan_medium, EX_xylan_medium: xylan_medium <=> , (-1e-06, 1000.0)
EX__12ppd_S_medium, EX__12ppd_S_medium: _12ppd_S_medium <=> , (-1e-06, 1000.0)
EX__15dap_medium, EX__15dap_medium: _15dap_medium <=> , (-1e-06, 1000.0)
EX__2hyoxplac_medium, EX__2hyoxplac_medium: _2hyoxplac_medium <=> , (-1e-06, 1000.0)
EX__4hbz_medium, EX__4hbz_medium: _4hbz_medium <=> , (-1e-06, 1000.0)
EX__5mta_medium, EX__5mta_medium: _5mta_medium <=> , (-1e-06, 1000.0)
EX__7dhcdchol_medium, EX__7dhcdchol_medium: _7dhcdchol_medium <=> , (-1e-06, 1000.0)
EX__7ocholate_medium, EX__7ocholate_medium: _7ocholate_medium <=> , (-1e-06, 1000.0)
EX_Lcyst_medium, EX_Lcyst_medium: Lcyst_medium <=> , (-1e-06, 1000.0)
EX_acac_medium, EX_acac_medium: acac_medium <=> , (-1e-06, 1000.0)
EX_akg_medium, EX_akg_medium: akg_medium <=> , (-1e-06, 1000.0)
EX_ala_D_medium, EX_ala_D_medium: ala_D_medium <=> , (-1e-06, 1000.0)
EX_alltn_medium, EX_alltn_medium: alltn_medium <=> , (-1e-06, 1000.0)
EX_arg_L_medium, EX_arg_L_medium: arg_L_medium <=> , (-20.3518771021335, 1000.0)
EX_butso3_medium, EX_butso3_medium: butso3_medium <=> , (-1e-06, 1000.0)
EX_chol_medium, EX_chol_medium: chol_medium <=> , (-1e-06, 1000.0)
EX_cit_medium, EX_cit_medium: cit_medium <=> , (-1e-06, 1000.0)
EX_crn_medium, EX_crn_medium: crn_medium <=> , (-1e-06, 1000.0)
EX_ctbt_medium, EX_ctbt_medium: ctbt_medium <=> , (-1e-06, 1000.0)
EX_ddca_medium, EX_ddca_medium: ddca_medium <=> , (-13.4590471717898, 1000.0)
EX_dms_medium, EX_dms_medium: dms_medium <=> , (-1e-06, 1000.0)
EX_dmso_medium, EX_dmso_medium: dmso_medium <=> , (-1e-06, 1000.0)
EX_etha_medium, EX_etha_medium: etha_medium <=> , (-1e-06, 1000.0)
EX_ethso3_medium, EX_ethso3_medium: ethso3_medium <=> , (-1e-06, 1000.0)
EX_fecrm_medium, EX_fecrm_medium: fecrm_medium <=> , (-1e-06, 1000.0)
EX_fuc1p_L_medium, EX_fuc1p_L_medium: fuc1p_L_medium <=> , (-1e-06, 1000.0)
EX_fuc_L_medium, EX_fuc_L_medium: fuc_L_medium <=> , (-1e-06, 1000.0)
EX_g6p_medium, EX_g6p_medium: g6p_medium <=> , (-1e-06, 1000.0)
EX_galct_D_medium, EX_galct_D_medium: galct_D_medium <=> , (-1e-06, 1000.0)
EX_galctn_D_medium, EX_galctn_D_medium: galctn_D_medium <=> , (-1e-06, 1000.0)
EX_gbbtn_medium, EX_gbbtn_medium: gbbtn_medium <=> , (-1e-06, 1000.0)
EX_gcald_medium, EX_gcald_medium: gcald_medium <=> , (-1e-06, 1000.0)
EX_glcn_medium, EX_glcn_medium: glcn_medium <=> , (-1e-06, 1000.0)
EX_glcr_medium, EX_glcr_medium: glcr_medium <=> , (-1e-06, 1000.0)
EX_glcur_medium, EX_glcur_medium: glcur_medium <=> , (-1e-06, 1000.0)
EX_glyclt_medium, EX_glyclt_medium: glyclt_medium <=> , (-1e-06, 1000.0)
EX_gsn_medium, EX_gsn_medium: gsn_medium <=> , (-1e-06, 1000.0)
EX_hexs_medium, EX_hexs_medium: hexs_medium <=> , (-1e-06, 1000.0)
EX_idon_L_medium, EX_idon_L_medium: idon_L_medium <=> , (-1e-06, 1000.0)
EX_ile_L_medium, EX_ile_L_medium: ile_L_medium <=> , (-28.9216751325922, 1000.0)
EX_indole_medium, EX_indole_medium: indole_medium <=> , (-1e-06, 1000.0)
EX_isetac_medium, EX_isetac_medium: isetac_medium <=> , (-1e-06, 1000.0)
EX_lac_D_medium, EX_lac_D_medium: lac_D_medium <=> , (-1e-06, 1000.0)
EX_mal_L_medium, EX_mal_L_medium: mal_L_medium <=> , (-1e-06, 1000.0)
EX_man6p_medium, EX_man6p_medium: man6p_medium <=> , (-1e-06, 1000.0)
EX_met_D_medium, EX_met_D_medium: met_D_medium <=> , (-1e-06, 1000.0)
EX_metsox_R_L_medium, EX_metsox_R_L_medium: metsox_R_L_medium <=> , (-1e-06, 1000.0)
EX_metsox_S_L_medium, EX_metsox_S_L_medium: metsox_S_L_medium <=> , (-1e-06, 1000.0)
EX_mops_medium, EX_mops_medium: mops_medium <=> , (-1e-06, 1000.0)
EX_mso3_medium, EX_mso3_medium: mso3_medium <=> , (-1e-06, 1000.0)
EX_nmn_medium, EX_nmn_medium: nmn_medium <=> , (-1e-06, 1000.0)
EX_no2_medium, EX_no2_medium: no2_medium <=> , (-1e-06, 1000.0)
EX_no3_medium, EX_no3_medium: no3_medium <=> , (-1e-06, 1000.0)
EX_orn_medium, EX_orn_medium: orn_medium <=> , (-1e-06, 1000.0)
EX_oxa_medium, EX_oxa_medium: oxa_medium <=> , (-1e-06, 1000.0)
EX_pac_medium, EX_pac_medium: pac_medium <=> , (-1e-06, 1000.0)
EX_ppa_medium, EX_ppa_medium: ppa_medium <=> , (-1e-06, 1000.0)
EX_ppi_medium, EX_ppi_medium: ppi_medium <=> , (-1e-06, 1000.0)
EX_pppn_medium, EX_pppn_medium: pppn_medium <=> , (-1e-06, 1000.0)
EX_rmn_medium, EX_rmn_medium: rmn_medium <=> , (-1e-06, 1000.0)
EX_sel_medium, EX_sel_medium: sel_medium <=> , (-1e-06, 1000.0)
EX_selni_medium, EX_selni_medium: selni_medium <=> , (-1e-06, 1000.0)
EX_ser_D_medium, EX_ser_D_medium: ser_D_medium <=> , (-1e-06, 1000.0)
EX_sulfac_medium, EX_sulfac_medium: sulfac_medium <=> , (-1e-06, 1000.0)
EX_thm_medium, EX_thm_medium: thm_medium <=> , (-5.40785801339038, 1000.0)
EX_tmao_medium, EX_tmao_medium: tmao_medium <=> , (-1e-06, 1000.0)
EX_val_L_medium, EX_val_L_medium: val_L_medium <=> , (-37.7843773128131, 1000.0)
EX_xtsn_medium, EX_xtsn_medium: xtsn_medium <=> , (-1e-06, 1000.0)
EX_MGlcn108_medium, EX_MGlcn108_medium: MGlcn108_medium <=> , (-1e-06, 1000.0)
EX_MGlcn108_rl_medium, EX_MGlcn108_rl_medium: MGlcn108_rl_medium <=> , (-1e-06, 1000.0)
EX_MGlcn10_medium, EX_MGlcn10_medium: MGlcn10_medium <=> , (-1e-06, 1000.0)
EX_MGlcn10_rl_medium, EX_MGlcn10_rl_medium: MGlcn10_rl_medium <=> , (-1e-06, 1000.0)
EX_MGlcn116_medium, EX_MGlcn116_medium: MGlcn116_medium <=> , (-1e-06, 1000.0)
EX_MGlcn116_rl_medium, EX_MGlcn116_rl_medium: MGlcn116_rl_medium <=> , (-1e-06, 1000.0)
EX_MGlcn119_medium, EX_MGlcn119_medium: MGlcn119_medium <=> , (-1e-06, 1000.0)
EX_MGlcn119_rl_medium, EX_MGlcn119_rl_medium: MGlcn119_rl_medium <=> , (-1e-06, 1000.0)
EX_MGlcn122_medium, EX_MGlcn122_medium: MGlcn122_medium <=> , (-1e-06, 1000.0)
EX_MGlcn122_rl_medium, EX_MGlcn122_rl_medium: MGlcn122_rl_medium <=> , (-1e-06, 1000.0)
EX_MGlcn124_medium, EX_MGlcn124_medium: MGlcn124_medium <=> , (-1e-06, 1000.0)
EX_MGlcn124_rl_medium, EX_MGlcn124_rl_medium: MGlcn124_rl_medium <=> , (-1e-06, 1000.0)
EX_MGlcn15_medium, EX_MGlcn15_medium: MGlcn15_medium <=> , (-1e-06, 1000.0)
EX_MGlcn15_rl_medium, EX_MGlcn15_rl_medium: MGlcn15_rl_medium <=> , (-1e-06, 1000.0)
EX_MGlcn183_medium, EX_MGlcn183_medium: MGlcn183_medium <=> , (-1e-06, 1000.0)
EX_MGlcn183_rl_medium, EX_MGlcn183_rl_medium: MGlcn183_rl_medium <=> , (-1e-06, 1000.0)
EX_MGlcn185_medium, EX_MGlcn185_medium: MGlcn185_medium <=> , (-1e-06, 1000.0)
EX_MGlcn185_rl_medium, EX_MGlcn185_rl_medium: MGlcn185_rl_medium <=> , (-1e-06, 1000.0)
EX_MGlcn186_medium, EX_MGlcn186_medium: MGlcn186_medium <=> , (-1e-06, 1000.0)
EX_MGlcn186_rl_medium, EX_MGlcn186_rl_medium: MGlcn186_rl_medium <=> , (-1e-06, 1000.0)
EX_MGlcn187_medium, EX_MGlcn187_medium: MGlcn187_medium <=> , (-1e-06, 1000.0)
EX_MGlcn187_rl_medium, EX_MGlcn187_rl_medium: MGlcn187_rl_medium <=> , (-1e-06, 1000.0)
EX_MGlcn188_medium, EX_MGlcn188_medium: MGlcn188_medium <=> , (-1e-06, 1000.0)
EX_MGlcn188_rl_medium, EX_MGlcn188_rl_medium: MGlcn188_rl_medium <=> , (-1e-06, 1000.0)
EX_MGlcn189_medium, EX_MGlcn189_medium: MGlcn189_medium <=> , (-1e-06, 1000.0)
EX_MGlcn189_rl_medium, EX_MGlcn189_rl_medium: MGlcn189_rl_medium <=> , (-1e-06, 1000.0)
EX_MGlcn190_medium, EX_MGlcn190_medium: MGlcn190_medium <=> , (-1e-06, 1000.0)
EX_MGlcn190_rl_medium, EX_MGlcn190_rl_medium: MGlcn190_rl_medium <=> , (-1e-06, 1000.0)
EX_MGlcn191_medium, EX_MGlcn191_medium: MGlcn191_medium <=> , (-1e-06, 1000.0)
EX_MGlcn191_rl_medium, EX_MGlcn191_rl_medium: MGlcn191_rl_medium <=> , (-1e-06, 1000.0)
EX_MGlcn192_medium, EX_MGlcn192_medium: MGlcn192_medium <=> , (-1e-06, 1000.0)
EX_MGlcn192_rl_medium, EX_MGlcn192_rl_medium: MGlcn192_rl_medium <=> , (-1e-06, 1000.0)
EX_MGlcn193_medium, EX_MGlcn193_medium: MGlcn193_medium <=> , (-1e-06, 1000.0)
EX_MGlcn193_rl_medium, EX_MGlcn193_rl_medium: MGlcn193_rl_medium <=> , (-1e-06, 1000.0)
EX_MGlcn194_medium, EX_MGlcn194_medium: MGlcn194_medium <=> , (-1e-06, 1000.0)
EX_MGlcn194_rl_medium, EX_MGlcn194_rl_medium: MGlcn194_rl_medium <=> , (-1e-06, 1000.0)
EX_MGlcn20_medium, EX_MGlcn20_medium: MGlcn20_medium <=> , (-1e-06, 1000.0)
EX_MGlcn20_rl_medium, EX_MGlcn20_rl_medium: MGlcn20_rl_medium <=> , (-1e-06, 1000.0)
EX_MGlcn24_medium, EX_MGlcn24_medium: MGlcn24_medium <=> , (-1e-06, 1000.0)
EX_MGlcn24_rl_medium, EX_MGlcn24_rl_medium: MGlcn24_rl_medium <=> , (-1e-06, 1000.0)
EX_MGlcn40_medium, EX_MGlcn40_medium: MGlcn40_medium <=> , (-1e-06, 1000.0)
EX_MGlcn40_rl_medium, EX_MGlcn40_rl_medium: MGlcn40_rl_medium <=> , (-1e-06, 1000.0)
EX_MGlcn41_medium, EX_MGlcn41_medium: MGlcn41_medium <=> , (-1e-06, 1000.0)
EX_MGlcn41_rl_medium, EX_MGlcn41_rl_medium: MGlcn41_rl_medium <=> , (-1e-06, 1000.0)
EX_MGlcn73_medium, EX_MGlcn73_medium: MGlcn73_medium <=> , (-1e-06, 1000.0)
EX_MGlcn73_rl_medium, EX_MGlcn73_rl_medium: MGlcn73_rl_medium <=> , (-1e-06, 1000.0)
EX_MGlcn89_medium, EX_MGlcn89_medium: MGlcn89_medium <=> , (-1e-06, 1000.0)
EX_MGlcn89_rl_medium, EX_MGlcn89_rl_medium: MGlcn89_rl_medium <=> , (-1e-06, 1000.0)
EX_agal1b3agal_medium, EX_agal1b3agal_medium: agal1b3agal_medium <=> , (-1e-06, 1000.0)
EX_bhb_medium, EX_bhb_medium: bhb_medium <=> , (-1e-06, 1000.0)
EX_core4_medium, EX_core4_medium: core4_medium <=> , (-1e-06, 1000.0)
EX_core4_rl_medium, EX_core4_rl_medium: core4_rl_medium <=> , (-1e-06, 1000.0)
EX_core5_medium, EX_core5_medium: core5_medium <=> , (-1e-06, 1000.0)
EX_gncore1_medium, EX_gncore1_medium: gncore1_medium <=> , (-1e-06, 1000.0)
EX_gncore1_rl_medium, EX_gncore1_rl_medium: gncore1_rl_medium <=> , (-1e-06, 1000.0)
EX_gncore2_medium, EX_gncore2_medium: gncore2_medium <=> , (-1e-06, 1000.0)
EX_gncore2_rl_medium, EX_gncore2_rl_medium: gncore2_rl_medium <=> , (-1e-06, 1000.0)
EX_sT_antigen_medium, EX_sT_antigen_medium: sT_antigen_medium <=> , (-1e-06, 1000.0)
EX_sT_antigen_rl_medium, EX_sT_antigen_rl_medium: sT_antigen_rl_medium <=> , (-1e-06, 1000.0)
EX__2obut_medium, EX__2obut_medium: _2obut_medium <=> , (-1e-06, 1000.0)
EX_MGlcn103_medium, EX_MGlcn103_medium: MGlcn103_medium <=> , (-1e-06, 1000.0)
EX_MGlcn103_rl_medium, EX_MGlcn103_rl_medium: MGlcn103_rl_medium <=> , (-1e-06, 1000.0)
EX_MGlcn118_medium, EX_MGlcn118_medium: MGlcn118_medium <=> , (-1e-06, 1000.0)
EX_MGlcn118_rl_medium, EX_MGlcn118_rl_medium: MGlcn118_rl_medium <=> , (-1e-06, 1000.0)
EX_MGlcn121_medium, EX_MGlcn121_medium: MGlcn121_medium <=> , (-1e-06, 1000.0)
EX_MGlcn121_rl_medium, EX_MGlcn121_rl_medium: MGlcn121_rl_medium <=> , (-1e-06, 1000.0)
EX_MGlcn123_medium, EX_MGlcn123_medium: MGlcn123_medium <=> , (-1e-06, 1000.0)
EX_MGlcn123_rl_medium, EX_MGlcn123_rl_medium: MGlcn123_rl_medium <=> , (-1e-06, 1000.0)
EX_MGlcn127_medium, EX_MGlcn127_medium: MGlcn127_medium <=> , (-1e-06, 1000.0)
EX_MGlcn127_rl_medium, EX_MGlcn127_rl_medium: MGlcn127_rl_medium <=> , (-1e-06, 1000.0)
EX_MGlcn128_medium, EX_MGlcn128_medium: MGlcn128_medium <=> , (-1e-06, 1000.0)
EX_MGlcn128_rl_medium, EX_MGlcn128_rl_medium: MGlcn128_rl_medium <=> , (-1e-06, 1000.0)
EX_MGlcn129_medium, EX_MGlcn129_medium: MGlcn129_medium <=> , (-1e-06, 1000.0)
EX_MGlcn129_rl_medium, EX_MGlcn129_rl_medium: MGlcn129_rl_medium <=> , (-1e-06, 1000.0)
EX_MGlcn132_medium, EX_MGlcn132_medium: MGlcn132_medium <=> , (-1e-06, 1000.0)
EX_MGlcn132_rl_medium, EX_MGlcn132_rl_medium: MGlcn132_rl_medium <=> , (-1e-06, 1000.0)
EX_MGlcn133_medium, EX_MGlcn133_medium: MGlcn133_medium <=> , (-1e-06, 1000.0)
EX_MGlcn133_rl_medium, EX_MGlcn133_rl_medium: MGlcn133_rl_medium <=> , (-1e-06, 1000.0)
EX_MGlcn134_medium, EX_MGlcn134_medium: MGlcn134_medium <=> , (-1e-06, 1000.0)
EX_MGlcn134_rl_medium, EX_MGlcn134_rl_medium: MGlcn134_rl_medium <=> , (-1e-06, 1000.0)
EX_MGlcn135_medium, EX_MGlcn135_medium: MGlcn135_medium <=> , (-1e-06, 1000.0)
EX_MGlcn135_rl_medium, EX_MGlcn135_rl_medium: MGlcn135_rl_medium <=> , (-1e-06, 1000.0)
EX_MGlcn136_medium, EX_MGlcn136_medium: MGlcn136_medium <=> , (-1e-06, 1000.0)
EX_MGlcn136_rl_medium, EX_MGlcn136_rl_medium: MGlcn136_rl_medium <=> , (-1e-06, 1000.0)
EX_MGlcn162_medium, EX_MGlcn162_medium: MGlcn162_medium <=> , (-1e-06, 1000.0)
EX_MGlcn162_rl_medium, EX_MGlcn162_rl_medium: MGlcn162_rl_medium <=> , (-1e-06, 1000.0)
EX_MGlcn17_medium, EX_MGlcn17_medium: MGlcn17_medium <=> , (-1e-06, 1000.0)
EX_MGlcn17_rl_medium, EX_MGlcn17_rl_medium: MGlcn17_rl_medium <=> , (-1e-06, 1000.0)
EX_MGlcn19_medium, EX_MGlcn19_medium: MGlcn19_medium <=> , (-1e-06, 1000.0)
EX_MGlcn19_rl_medium, EX_MGlcn19_rl_medium: MGlcn19_rl_medium <=> , (-1e-06, 1000.0)
EX_MGlcn33_medium, EX_MGlcn33_medium: MGlcn33_medium <=> , (-1e-06, 1000.0)
EX_MGlcn33_rl_medium, EX_MGlcn33_rl_medium: MGlcn33_rl_medium <=> , (-1e-06, 1000.0)
EX_MGlcn37_medium, EX_MGlcn37_medium: MGlcn37_medium <=> , (-1e-06, 1000.0)
EX_MGlcn37_rl_medium, EX_MGlcn37_rl_medium: MGlcn37_rl_medium <=> , (-1e-06, 1000.0)
EX_MGlcn38_medium, EX_MGlcn38_medium: MGlcn38_medium <=> , (-1e-06, 1000.0)
EX_MGlcn38_rl_medium, EX_MGlcn38_rl_medium: MGlcn38_rl_medium <=> , (-1e-06, 1000.0)
EX_MGlcn47_medium, EX_MGlcn47_medium: MGlcn47_medium <=> , (-1e-06, 1000.0)
EX_MGlcn47_rl_medium, EX_MGlcn47_rl_medium: MGlcn47_rl_medium <=> , (-1e-06, 1000.0)
EX_MGlcn50_medium, EX_MGlcn50_medium: MGlcn50_medium <=> , (-1e-06, 1000.0)
EX_MGlcn50_rl_medium, EX_MGlcn50_rl_medium: MGlcn50_rl_medium <=> , (-1e-06, 1000.0)
EX_MGlcn54_medium, EX_MGlcn54_medium: MGlcn54_medium <=> , (-1e-06, 1000.0)
EX_MGlcn54_rl_medium, EX_MGlcn54_rl_medium: MGlcn54_rl_medium <=> , (-1e-06, 1000.0)
EX_MGlcn59_medium, EX_MGlcn59_medium: MGlcn59_medium <=> , (-1e-06, 1000.0)
EX_MGlcn59_rl_medium, EX_MGlcn59_rl_medium: MGlcn59_rl_medium <=> , (-1e-06, 1000.0)
EX_MGlcn60_medium, EX_MGlcn60_medium: MGlcn60_medium <=> , (-1e-06, 1000.0)
EX_MGlcn60_rl_medium, EX_MGlcn60_rl_medium: MGlcn60_rl_medium <=> , (-1e-06, 1000.0)
EX_MGlcn62_medium, EX_MGlcn62_medium: MGlcn62_medium <=> , (-1e-06, 1000.0)
EX_MGlcn62_rl_medium, EX_MGlcn62_rl_medium: MGlcn62_rl_medium <=> , (-1e-06, 1000.0)
EX_MGlcn63_medium, EX_MGlcn63_medium: MGlcn63_medium <=> , (-1e-06, 1000.0)
EX_MGlcn63_rl_medium, EX_MGlcn63_rl_medium: MGlcn63_rl_medium <=> , (-1e-06, 1000.0)
EX_MGlcn67_medium, EX_MGlcn67_medium: MGlcn67_medium <=> , (-1e-06, 1000.0)
EX_MGlcn67_rl_medium, EX_MGlcn67_rl_medium: MGlcn67_rl_medium <=> , (-1e-06, 1000.0)
EX_MGlcn76_medium, EX_MGlcn76_medium: MGlcn76_medium <=> , (-1e-06, 1000.0)
EX_MGlcn76_rl_medium, EX_MGlcn76_rl_medium: MGlcn76_rl_medium <=> , (-1e-06, 1000.0)
EX_MGlcn7_medium, EX_MGlcn7_medium: MGlcn7_medium <=> , (-1e-06, 1000.0)
EX_MGlcn7_rl_medium, EX_MGlcn7_rl_medium: MGlcn7_rl_medium <=> , (-1e-06, 1000.0)
EX_MGlcn86_medium, EX_MGlcn86_medium: MGlcn86_medium <=> , (-1e-06, 1000.0)
EX_MGlcn86_rl_medium, EX_MGlcn86_rl_medium: MGlcn86_rl_medium <=> , (-1e-06, 1000.0)
EX_MGlcn87_medium, EX_MGlcn87_medium: MGlcn87_medium <=> , (-1e-06, 1000.0)
EX_MGlcn87_rl_medium, EX_MGlcn87_rl_medium: MGlcn87_rl_medium <=> , (-1e-06, 1000.0)
EX_MGlcn88_medium, EX_MGlcn88_medium: MGlcn88_medium <=> , (-1e-06, 1000.0)
EX_MGlcn88_rl_medium, EX_MGlcn88_rl_medium: MGlcn88_rl_medium <=> , (-1e-06, 1000.0)
EX_MGlcn8_medium, EX_MGlcn8_medium: MGlcn8_medium <=> , (-1e-06, 1000.0)
EX_MGlcn8_rl_medium, EX_MGlcn8_rl_medium: MGlcn8_rl_medium <=> , (-1e-06, 1000.0)
EX_MGlcn9_medium, EX_MGlcn9_medium: MGlcn9_medium <=> , (-1e-06, 1000.0)
EX_MGlcn9_rl_medium, EX_MGlcn9_rl_medium: MGlcn9_rl_medium <=> , (-1e-06, 1000.0)
EX_Ser_Thr_medium, EX_Ser_Thr_medium: Ser_Thr_medium <=> , (-1e-06, 1000.0)
EX_ade_medium, EX_ade_medium: ade_medium <=> , (-1e-06, 1000.0)
EX_chtbs_medium, EX_chtbs_medium: chtbs_medium <=> , (-1e-06, 1000.0)
EX_core7_medium, EX_core7_medium: core7_medium <=> , (-1e-06, 1000.0)
EX_dsT_antigen_medium, EX_dsT_antigen_medium: dsT_antigen_medium <=> , (-1e-06, 1000.0)
EX_dsT_antigen_rl_medium, EX_dsT_antigen_rl_medium: dsT_antigen_rl_medium <=> , (-1e-06, 1000.0)
EX_lald_L_medium, EX_lald_L_medium: lald_L_medium <=> , (-1e-06, 1000.0)
EX_mqn8_medium, EX_mqn8_medium: mqn8_medium <=> , (-1e-06, 1000.0)
EX_ocdcea_medium, EX_ocdcea_medium: ocdcea_medium <=> , (-101.592732580242, 1000.0)
EX_pheme_medium, EX_pheme_medium: pheme_medium <=> , (-1e-06, 1000.0)
EX_q8_medium, EX_q8_medium: q8_medium <=> , (-1e-06, 1000.0)
EX__12dhchol_medium, EX__12dhchol_medium: _12dhchol_medium <=> , (-1e-06, 1000.0)
EX__3dhcdchol_medium, EX__3dhcdchol_medium: _3dhcdchol_medium <=> , (-1e-06, 1000.0)
EX__3dhchol_medium, EX__3dhchol_medium: _3dhchol_medium <=> , (-1e-06, 1000.0)
EX_HC02194_medium, EX_HC02194_medium: HC02194_medium <=> , (-1e-06, 1000.0)
EX_glctnb_medium, EX_glctnb_medium: glctnb_medium <=> , (-1e-06, 1000.0)
EX_uchol_medium, EX_uchol_medium: uchol_medium <=> , (-1e-06, 1000.0)
EX_gua_medium, EX_gua_medium: gua_medium <=> , (-1e-06, 1000.0)
EX_sheme_medium, EX_sheme_medium: sheme_medium <=> , (-1e-06, 1000.0)
EX_agal1b6agal_medium, EX_agal1b6agal_medium: agal1b6agal_medium <=> , (-1e-06, 1000.0)
EX__2dmmq8_medium, EX__2dmmq8_medium: _2dmmq8_medium <=> , (-1e-06, 1000.0)
EX__3mop_medium, EX__3mop_medium: _3mop_medium <=> , (-1e-06, 1000.0)
EX_glutar_medium, EX_glutar_medium: glutar_medium <=> , (-1e-06, 1000.0)
EX_chor_medium, EX_chor_medium: chor_medium <=> , (-1e-06, 1000.0)
EX_isobut_medium, EX_isobut_medium: isobut_medium <=> , (-1e-06, 1000.0)
EX_isocapr_medium, EX_isocapr_medium: isocapr_medium <=> , (-1e-06, 1000.0)
EX_isoval_medium, EX_isoval_medium: isoval_medium <=> , (-1e-06, 1000.0)
EX_ncam_medium, EX_ncam_medium: ncam_medium <=> , (-0.145527600499817, 1000.0)
EX_aso3_medium, EX_aso3_medium: aso3_medium <=> , (-1e-06, 1000.0)
EX_aso4_medium, EX_aso4_medium: aso4_medium <=> , (-1e-06, 1000.0)
EX_btoh_medium, EX_btoh_medium: btoh_medium <=> , (-1e-06, 1000.0)
EX_pyr_medium, EX_pyr_medium: pyr_medium <=> , (-1e-06, 1000.0)
EX_pime_medium, EX_pime_medium: pime_medium <=> , (-1e-06, 1000.0)
EX_Lkynr_medium, EX_Lkynr_medium: Lkynr_medium <=> , (-1e-06, 1000.0)
EX_ispre_medium, EX_ispre_medium: ispre_medium <=> , (-1e-06, 1000.0)
EX_so3_medium, EX_so3_medium: so3_medium <=> , (-1e-06, 1000.0)
EX__34dhphe_medium, EX__34dhphe_medium: _34dhphe_medium <=> , (-1e-06, 1000.0)
EX__4abz_medium, EX__4abz_medium: _4abz_medium <=> , (-1e-06, 1000.0)
EX__5htrp_medium, EX__5htrp_medium: _5htrp_medium <=> , (-1e-06, 1000.0)
EX_dopa_medium, EX_dopa_medium: dopa_medium <=> , (-1e-06, 1000.0)
EX_hista_medium, EX_hista_medium: hista_medium <=> , (-1e-06, 1000.0)
EX_no_medium, EX_no_medium: no_medium <=> , (-1e-06, 1000.0)
EX_srtn_medium, EX_srtn_medium: srtn_medium <=> , (-1e-06, 1000.0)
EX_trypta_medium, EX_trypta_medium: trypta_medium <=> , (-1e-06, 1000.0)
EX_tym_medium, EX_tym_medium: tym_medium <=> , (-1e-06, 1000.0)
EX_icdchol_medium, EX_icdchol_medium: icdchol_medium <=> , (-1e-06, 1000.0)
EX_isochol_medium, EX_isochol_medium: isochol_medium <=> , (-1e-06, 1000.0)
EX_lctnb_medium, EX_lctnb_medium: lctnb_medium <=> , (-1e-06, 1000.0)
EX_lanost_medium, EX_lanost_medium: lanost_medium <=> , (-1e-06, 1000.0)
EX_dpcoa_medium, EX_dpcoa_medium: dpcoa_medium <=> , (-1e-06, 1000.0)
EX_amp_medium, EX_amp_medium: amp_medium <=> , (-1e-06, 1000.0)
EX__5mthf_medium, EX__5mthf_medium: _5mthf_medium <=> , (-0.0001293113132375, 1000.0)
EX_arabinogal_medium, EX_arabinogal_medium: arabinogal_medium <=> , (-1e-06, 1000.0)
EX_thf_medium, EX_thf_medium: thf_medium <=> , (-0.0001336958093047, 1000.0)
EX__13ppd_medium, EX__13ppd_medium: _13ppd_medium <=> , (-1e-06, 1000.0)
EX__34dhpha_medium, EX__34dhpha_medium: _34dhpha_medium <=> , (-1e-06, 1000.0)
EX__3hphac_medium, EX__3hphac_medium: _3hphac_medium <=> , (-1e-06, 1000.0)
EX__3hpppn_medium, EX__3hpppn_medium: _3hpppn_medium <=> , (-1e-06, 1000.0)
EX__4hoxpacd_medium, EX__4hoxpacd_medium: _4hoxpacd_medium <=> , (-1e-06, 1000.0)
EX_actn_R_medium, EX_actn_R_medium: actn_R_medium <=> , (-1e-06, 1000.0)
EX_btd_RR_medium, EX_btd_RR_medium: btd_RR_medium <=> , (-1e-06, 1000.0)
EX_dhcinnm_medium, EX_dhcinnm_medium: dhcinnm_medium <=> , (-1e-06, 1000.0)
EX_dhpppn_medium, EX_dhpppn_medium: dhpppn_medium <=> , (-1e-06, 1000.0)
EX_diact_medium, EX_diact_medium: diact_medium <=> , (-1e-06, 1000.0)
EX_ni2_medium, EX_ni2_medium: ni2_medium <=> , (-1e-06, 1000.0)
EX_lmn2_medium, EX_lmn2_medium: lmn2_medium <=> , (-1e-06, 1000.0)
EX_lmn30_medium, EX_lmn30_medium: lmn30_medium <=> , (-1e-06, 1000.0)
EX_n2o_medium, EX_n2o_medium: n2o_medium <=> , (-1e-06, 1000.0)
EX_oaa_medium, EX_oaa_medium: oaa_medium <=> , (-1e-06, 1000.0)
